name,version,api-level,revision,description,obsolete,windowsSize,windowsSHA1,windowsURL,macosxSize,macosxSHA1,macosxURL,linuxSize,linuxSHA1,linuxURL
SDK Platform,8.0.0,26,2,Android SDK Platform 26,false,63623734,e4ae5d7aa557a3c827135838ee400da8443ac4ef,https://dl.google.com/android/repository/platform-26_r02.zip,63623734,e4ae5d7aa557a3c827135838ee400da8443ac4ef,https://dl.google.com/android/repository/platform-26_r02.zip,63623734,e4ae5d7aa557a3c827135838ee400da8443ac4ef,https://dl.google.com/android/repository/platform-26_r02.zip
SDK Platform,7.1.1,25,3,Android SDK Platform 25,false,85424763,00c2c5765e8988504be10a1eb66ed71fcdbd7fe8,https://dl.google.com/android/repository/platform-25_r03.zip,85424763,00c2c5765e8988504be10a1eb66ed71fcdbd7fe8,https://dl.google.com/android/repository/platform-25_r03.zip,85424763,00c2c5765e8988504be10a1eb66ed71fcdbd7fe8,https://dl.google.com/android/repository/platform-25_r03.zip
SDK Platform,7.0,24,2,Android SDK Platform 24,false,82648154,8912da3d4bfe7a9f28f0e5ce92d3a8dc96342aee,https://dl.google.com/android/repository/platform-24_r02.zip,82648154,8912da3d4bfe7a9f28f0e5ce92d3a8dc96342aee,https://dl.google.com/android/repository/platform-24_r02.zip,82648154,8912da3d4bfe7a9f28f0e5ce92d3a8dc96342aee,https://dl.google.com/android/repository/platform-24_r02.zip
SDK Platform,6.0,23,3,Android SDK Platform 23,false,70433421,027fede3de6aa1649115bbd0bffff30ccd51c9a0,https://dl.google.com/android/repository/platform-23_r03.zip,70433421,027fede3de6aa1649115bbd0bffff30ccd51c9a0,https://dl.google.com/android/repository/platform-23_r03.zip,70433421,027fede3de6aa1649115bbd0bffff30ccd51c9a0,https://dl.google.com/android/repository/platform-23_r03.zip
SDK Platform,5.1.1,22,2,Android SDK Platform 22,false,66852371,5d1bd10fea962b216a0dece1247070164760a9fc,https://dl.google.com/android/repository/android-22_r02.zip,66852371,5d1bd10fea962b216a0dece1247070164760a9fc,https://dl.google.com/android/repository/android-22_r02.zip,66852371,5d1bd10fea962b216a0dece1247070164760a9fc,https://dl.google.com/android/repository/android-22_r02.zip
SDK Platform,5.0.1,21,2,Android SDK Platform 21,false,65897960,53536556059bb29ae82f414fd2e14bc335a4eb4c,https://dl.google.com/android/repository/android-21_r02.zip,65897960,53536556059bb29ae82f414fd2e14bc335a4eb4c,https://dl.google.com/android/repository/android-21_r02.zip,65897960,53536556059bb29ae82f414fd2e14bc335a4eb4c,https://dl.google.com/android/repository/android-21_r02.zip
SDK Platform,4.4W.2,20,2,Android SDK Platform 20,false,63567784,a9251f8a3f313ab05834a07a963000927637e01d,https://dl.google.com/android/repository/android-20_r02.zip,63567784,a9251f8a3f313ab05834a07a963000927637e01d,https://dl.google.com/android/repository/android-20_r02.zip,63567784,a9251f8a3f313ab05834a07a963000927637e01d,https://dl.google.com/android/repository/android-20_r02.zip
SDK Platform,4.4.2,19,4,Android SDK Platform 19,false,63871092,2ff20d89e68f2f5390981342e009db5a2d456aaa,https://dl.google.com/android/repository/android-19_r04.zip,63871092,2ff20d89e68f2f5390981342e009db5a2d456aaa,https://dl.google.com/android/repository/android-19_r04.zip,63871092,2ff20d89e68f2f5390981342e009db5a2d456aaa,https://dl.google.com/android/repository/android-19_r04.zip
SDK Platform,4.3.1,18,3,Android SDK Platform 18,false,57771739,e6b09b3505754cbbeb4a5622008b907262ee91cb,https://dl.google.com/android/repository/android-18_r03.zip,57771739,e6b09b3505754cbbeb4a5622008b907262ee91cb,https://dl.google.com/android/repository/android-18_r03.zip,57771739,e6b09b3505754cbbeb4a5622008b907262ee91cb,https://dl.google.com/android/repository/android-18_r03.zip
SDK Platform,4.2.2,17,3,Android SDK Platform 17,false,57030216,dbe14101c06e6cdb34e300393e64e64f8c92168a,https://dl.google.com/android/repository/android-17_r03.zip,57030216,dbe14101c06e6cdb34e300393e64e64f8c92168a,https://dl.google.com/android/repository/android-17_r03.zip,57030216,dbe14101c06e6cdb34e300393e64e64f8c92168a,https://dl.google.com/android/repository/android-17_r03.zip
SDK Platform,4.1.2,16,5,Android SDK Platform 16,false,48128695,12a5ce6235a76bc30f62c26bda1b680e336abd07,https://dl.google.com/android/repository/android-16_r05.zip,48128695,12a5ce6235a76bc30f62c26bda1b680e336abd07,https://dl.google.com/android/repository/android-16_r05.zip,48128695,12a5ce6235a76bc30f62c26bda1b680e336abd07,https://dl.google.com/android/repository/android-16_r05.zip
SDK Platform,4.0.3,15,5,Android SDK Platform 15,false,44533475,69ab4c443b37184b2883af1fd38cc20cbeffd0f3,https://dl.google.com/android/repository/android-15_r05.zip,44533475,69ab4c443b37184b2883af1fd38cc20cbeffd0f3,https://dl.google.com/android/repository/android-15_r05.zip,44533475,69ab4c443b37184b2883af1fd38cc20cbeffd0f3,https://dl.google.com/android/repository/android-15_r05.zip
SDK Platform,4.0,14,4,Android SDK Platform 14,false,46038082,d4f1d8fbca25225b5f0e7a0adf0d39c3d6e60b3c,https://dl.google.com/android/repository/android-14_r04.zip,46038082,d4f1d8fbca25225b5f0e7a0adf0d39c3d6e60b3c,https://dl.google.com/android/repository/android-14_r04.zip,46038082,d4f1d8fbca25225b5f0e7a0adf0d39c3d6e60b3c,https://dl.google.com/android/repository/android-14_r04.zip
SDK Platform,3.2,13,1,Android SDK Platform 13,false,108426536,6189a500a8c44ae73a439604363de93591163cd9,https://dl.google.com/android/repository/android-3.2_r01.zip,108426536,6189a500a8c44ae73a439604363de93591163cd9,https://dl.google.com/android/repository/android-3.2_r01.zip,108426536,6189a500a8c44ae73a439604363de93591163cd9,https://dl.google.com/android/repository/android-3.2_r01.zip
SDK Platform,3.1,12,3,Android SDK Platform 12,false,106472351,4a50a6679cd95bb68bb5fc032e754cd7c5e2b1bf,https://dl.google.com/android/repository/android-3.1_r03.zip,106472351,4a50a6679cd95bb68bb5fc032e754cd7c5e2b1bf,https://dl.google.com/android/repository/android-3.1_r03.zip,106472351,4a50a6679cd95bb68bb5fc032e754cd7c5e2b1bf,https://dl.google.com/android/repository/android-3.1_r03.zip
SDK Platform,3.0,11,2,Android SDK Platform 11,false,104513908,2c7d4bd13f276e76f6bbd87315fe27aba351dd37,https://dl.google.com/android/repository/android-3.0_r02.zip,104513908,2c7d4bd13f276e76f6bbd87315fe27aba351dd37,https://dl.google.com/android/repository/android-3.0_r02.zip,104513908,2c7d4bd13f276e76f6bbd87315fe27aba351dd37,https://dl.google.com/android/repository/android-3.0_r02.zip
SDK Platform,2.3.3,10,2,Android SDK Platform 10,false,85470907,887e37783ec32f541ea33c2c649dda648e8e6fb3,https://dl.google.com/android/repository/android-2.3.3_r02.zip,85470907,887e37783ec32f541ea33c2c649dda648e8e6fb3,https://dl.google.com/android/repository/android-2.3.3_r02.zip,85470907,887e37783ec32f541ea33c2c649dda648e8e6fb3,https://dl.google.com/android/repository/android-2.3.3_r02.zip
SDK Platform,2.3.1,9,2,Android SDK Platform 9,false,78732563,209f8a7a8b2cb093fce858b8b55fed3ba5206773,https://dl.google.com/android/repository/android-2.3.1_r02.zip,78732563,209f8a7a8b2cb093fce858b8b55fed3ba5206773,https://dl.google.com/android/repository/android-2.3.1_r02.zip,78732563,209f8a7a8b2cb093fce858b8b55fed3ba5206773,https://dl.google.com/android/repository/android-2.3.1_r02.zip
SDK Platform,2.2,8,3,Android SDK Platform 8,false,74652366,231262c63eefdff8fd0386e9ccfefeb27a8f9202,https://dl.google.com/android/repository/android-2.2_r03.zip,74652366,231262c63eefdff8fd0386e9ccfefeb27a8f9202,https://dl.google.com/android/repository/android-2.2_r03.zip,74652366,231262c63eefdff8fd0386e9ccfefeb27a8f9202,https://dl.google.com/android/repository/android-2.2_r03.zip
SDK Platform,2.1,7,3,Android SDK Platform 7,false,70142829,5ce51b023ac19f8738500b1007a1da5de2349a1e,https://dl.google.com/android/repository/android-2.1_r03.zip,70142829,5ce51b023ac19f8738500b1007a1da5de2349a1e,https://dl.google.com/android/repository/android-2.1_r03.zip,70142829,5ce51b023ac19f8738500b1007a1da5de2349a1e,https://dl.google.com/android/repository/android-2.1_r03.zip
SDK Platform,2.0.1,6,1,Android SDK Platform 6,true,80385601,255781ebe4509d9707d0e77edda2815e2bc216e6,https://dl.google.com/android/repository/android-2.0.1_r01-windows.zip,79035527,c3096f80d75a6fc8cb38ef8a18aec920e53d42c0,https://dl.google.com/android/repository/android-2.0.1_r01-macosx.zip,79192618,ce2c971dce352aa28af06bda92a070116aa5ae1a,https://dl.google.com/android/repository/android-2.0.1_r01-linux.zip
SDK Platform,2.0,5,1,Android SDK Platform 5,true,76288040,aeb623217ff88b87216d6eb7dbc846ed53f68f57,https://dl.google.com/android/repository/android-2.0_r01-windows.zip,74956356,2a866d0870dbba18e0503cd41e5fae988a21b314,https://dl.google.com/android/repository/android-2.0_r01-macosx.zip,75095268,be9be6a99ca32875c96ec7f91160ca9fce7e3c7d,https://dl.google.com/android/repository/android-2.0_r01-linux.zip
SDK Platform,1.6,4,3,Android SDK Platform 4,true,64654625,ce0b5e4ffaf12ca4fd07c2da71a8a1ab4a03dc22,https://dl.google.com/android/repository/android-1.6_r03-windows.zip,62418496,bdafad44f5df9f127979bdb21a1fdd87ee3cd625,https://dl.google.com/android/repository/android-1.6_r03-macosx.zip,63454485,483ed088e45bbdf3444baaf9250c8b02e5383cb0,https://dl.google.com/android/repository/android-1.6_r03-linux.zip
SDK Platform,1.5,3,4,Android SDK Platform 3,true,54624370,5bb106d2e40d481edd337b0833093843e15fe49a,https://dl.google.com/android/repository/android-1.5_r04-windows.zip,52440607,d3a67c2369afa48b6c3c7624de5031c262018d1e,https://dl.google.com/android/repository/android-1.5_r04-macosx.zip,53348669,5c134b7df5f4b8bd5b61ba93bdaebada8fa3468c,https://dl.google.com/android/repository/android-1.5_r04-linux.zip
SDK Platform,1.1,2,1,Android SDK Platform 2,true,46828615,a4060f29ed39fc929c302836d488998c53c3002e,https://dl.google.com/android/repository/android-1.1_r1-windows.zip,45584305,e21dbcff45b7356657449ebb3c7e941be2bb5ebe,https://dl.google.com/android/repository/android-1.1_r1-macosx.zip,45476658,c054d25c9b4c6251fa49c2f9c54336998679d3fe,https://dl.google.com/android/repository/android-1.1_r1-linux.zip
Android SDK Platform-tools,,,26,"Platform Tools, revision 26",false,7511554,a4128ebc3d1b6372d981810920e3fa01637f891a,https://dl.google.com/android/repository/platform-tools_r26.0.0-windows.zip,7771750,e75b6137dc444f777eb02f44a6d9819b3aabff82,https://dl.google.com/android/repository/platform-tools_r26.0.0-darwin.zip,7859155,00de8a6631405b617c10f68cd11ff2e1cd528e23,https://dl.google.com/android/repository/platform-tools_r26.0.0-linux.zip
Android SDK Build-tools,,,26.0.1,"Android SDK Build-tools, revision 26.0.1",false,54936185,02494c80ffbe65bfff0aaa7463c9692693327b7d,https://dl.google.com/android/repository/build-tools_r26.0.1-windows.zip,53266653,cbde59de198916b390777dd0227921bfa2120832,https://dl.google.com/android/repository/build-tools_r26.0.1-macosx.zip,54113329,5378c2c78091b414d0eac40a6bd37f2faa31a365,https://dl.google.com/android/repository/build-tools_r26.0.1-linux.zip
Android SDK Build-tools,,,26,"Android SDK Build-tools, revision 26",false,54681641,896ebd31117c09db220f7a3116cc0e5121c78b9d,https://dl.google.com/android/repository/build-tools_r26-windows.zip,53010814,d01a1aeca03747245f1f5936b3cb01759c66d086,https://dl.google.com/android/repository/build-tools_r26-macosx.zip,53854197,1cbe72929876f8a872ab1f1b1040a9f720261f59,https://dl.google.com/android/repository/build-tools_r26-linux.zip
Android SDK Build-tools,,,26,"Android SDK Build-tools, revision 26",false,54678375,ddaba77db0557a98f6330fbd579ad0bd12cbb152,https://dl.google.com/android/repository/build-tools_r26-rc2-windows.zip,53003874,cb1eb738a1f7003025af267a9b8cc2d259533c70,https://dl.google.com/android/repository/build-tools_r26-rc2-macosx.zip,53847560,629bbd8d2e415bf64871fb0b4c0540fd6d0347a0,https://dl.google.com/android/repository/build-tools_r26-rc2-linux.zip
Android SDK Build-tools,,,26,"Android SDK Build-tools, revision 26",false,54379108,43c2ddad3b67a5c33712ae14331a60673e69be91,https://dl.google.com/android/repository/build-tools_r26-rc1-windows.zip,52821129,5c5a1de7d5f4f000d36ae349229fe0be846d6137,https://dl.google.com/android/repository/build-tools_r26-rc1-macosx.zip,53648603,8cd6388dc96db2d7a49d06159cf990d3bbc78d04,https://dl.google.com/android/repository/build-tools_r26-rc1-linux.zip
Android SDK Build-tools,,,25.0.3,"Android SDK Build-tools, revision 25.0.3",false,51337442,1edcb109ae5133aebfed573cf0bc84e0c353c28d,https://dl.google.com/android/repository/build-tools_r25.0.3-windows.zip,50545085,160d2fefb5ce68e443427fc30a793a703b63e26e,https://dl.google.com/android/repository/build-tools_r25.0.3-macosx.zip,50757258,db95f3a0ae376534d4d69f4cdb6fad20649f3509,https://dl.google.com/android/repository/build-tools_r25.0.3-linux.zip
Android SDK Build-tools,,,25.0.2,"Android SDK Build-tools, revision 25.0.2",false,50458908,2fee3c0704d6ecc480570450d8b8069b2c4a2dd4,https://dl.google.com/android/repository/build-tools_r25.0.2-windows.zip,49667185,12a5204bb3b6e39437535469fde7ddf42da46b16,https://dl.google.com/android/repository/build-tools_r25.0.2-macosx.zip,49880329,ff953c0177e317618fda40516f3e9d95fd43c7ae,https://dl.google.com/android/repository/build-tools_r25.0.2-linux.zip
Android SDK Build-tools,,,25.0.1,"Android SDK Build-tools, revision 25.0.1",false,50458759,c6c61393565ccf46349e7f44511e5db7c1c6169d,https://dl.google.com/android/repository/build-tools_r25.0.1-windows.zip,49667353,7bf7f22d7d48ef20b6ab0e3d7a2912e5c088340f,https://dl.google.com/android/repository/build-tools_r25.0.1-macosx.zip,49880178,ff063d252ab750d339f5947d06ff782836f22bac,https://dl.google.com/android/repository/build-tools_r25.0.1-linux.zip
Android SDK Build-tools,,,25,"Android SDK Build-tools, revision 25",false,50451378,f9258f2308ff8b62cfc4513d40cb961612d07b6a,https://dl.google.com/android/repository/build-tools_r25-windows.zip,49659466,273c5c29a65cbed00e44f3aa470bbd7dce556606,https://dl.google.com/android/repository/build-tools_r25-macosx.zip,49872921,f2bbda60403e75cabd0f238598c3b4dfca56ea44,https://dl.google.com/android/repository/build-tools_r25-linux.zip
Android SDK Build-tools,,,24.0.3,"Android SDK Build-tools, revision 24.0.3",false,50354788,8b960d693fd4163caeb8dc5f5f5f80b10987089c,https://dl.google.com/android/repository/build-tools_r24.0.3-windows.zip,49568967,a01c15f1b105c34595681075e1895d58b3fff48c,https://dl.google.com/android/repository/build-tools_r24.0.3-macosx.zip,49779151,9e8cc49d66e03fa1a8ecc1ac3e58f1324f5da304,https://dl.google.com/android/repository/build-tools_r24.0.3-linux.zip
Android SDK Build-tools,,,24.0.2,"Android SDK Build-tools, revision 24.0.2",false,49512513,09586a1f1c39bcfa7db5205c9a07837247deb67e,https://dl.google.com/android/repository/build-tools_r24.0.2-windows.zip,48726190,8bb8fc575477491d5957de743089df412de55cda,https://dl.google.com/android/repository/build-tools_r24.0.2-macosx.zip,48936295,f199a7a788c3fefbed102eea34d6007737b803cf,https://dl.google.com/android/repository/build-tools_r24.0.2-linux.zip
Android SDK Build-tools,,,24.0.1,"Android SDK Build-tools, revision 24.0.1",false,49511883,ac4a7cea42c3ef74d7fbf1b992fad311c550034e,https://dl.google.com/android/repository/build-tools_r24.0.1-windows.zip,48726085,5c6457fcdfa07724fb086d8ff4e8316fc0742848,https://dl.google.com/android/repository/build-tools_r24.0.1-macosx.zip,48936286,84f18c392919a074fcbb9b1d967984e6b2fef8b4,https://dl.google.com/android/repository/build-tools_r24.0.1-linux.zip
Android SDK Build-tools,,,24,"Android SDK Build-tools, revision 24",false,49535326,dc61b9e5b451a0c3ec42ae2b1ce27c4d3c8da9f7,https://dl.google.com/android/repository/build-tools_r24-windows.zip,48747930,97fc4ed442f23989cc488d02c1d1de9bdde241de,https://dl.google.com/android/repository/build-tools_r24-macosx.zip,48960919,c6271c4d78a5612ea6c7150688bcd5b7313de8d1,https://dl.google.com/android/repository/build-tools_r24-linux.zip
Android SDK Build-tools,,,23.0.2,"Android SDK Build-tools, revision 23.0.2",false,38217626,fc3a92c744d3ba0a16ccb5d2b41eea5974ce0a96,https://dl.google.com/android/repository/build-tools_r23.0.2-windows.zip,38060914,482c4cbceef8ff58aefd92d8155a38610158fdaf,https://dl.google.com/android/repository/build-tools_r23.0.2-macosx.zip,39071201,8a9f2b37f6fcf7a9fa784dc21aeaeb41bbb9f2c3,https://dl.google.com/android/repository/build-tools_r23.0.2-linux.zip
Android SDK Build-tools,,,23.0.3,"Android SDK Build-tools, revision 23.0.3",false,39869945,c6d8266c6a3243c8f1e41b786c0e3cee4c781263,https://dl.google.com/android/repository/build-tools_r23.0.3-windows.zip,39679533,fbc98cd303fd15a31d472de6c03bd707829f00b0,https://dl.google.com/android/repository/build-tools_r23.0.3-macosx.zip,40733174,368f2600feac7e9b511b82f53d1f2240ae4a91a3,https://dl.google.com/android/repository/build-tools_r23.0.3-linux.zip
Android SDK Build-tools,,,23.0.1,"Android SDK Build-tools, revision 23.0.1",false,38558889,cc1d37231d228f7a6f130e1f8d8c940052f0f8ab,https://dl.google.com/android/repository/build-tools_r23.0.1-windows.zip,38059328,d96ec1522721e9a179ae2c591c99f75d31d39718,https://dl.google.com/android/repository/build-tools_r23.0.1-macosx.zip,39069295,b6ba7c399d5fa487d95289d8832e4ad943aed556,https://dl.google.com/android/repository/build-tools_r23.0.1-linux.zip
Android SDK Build-tools,,,23,"Android SDK Build-tools, revision 23",true,38570715,3874948f35f2f8946597679cc6e9151449f23b5d,https://dl.google.com/android/repository/build-tools_r23-windows.zip,38070540,90ba6e716f7703a236cd44b2e71c5ff430855a03,https://dl.google.com/android/repository/build-tools_r23-macosx.zip,39080519,c1d6209212b01469f80fa804e0c1d39a06bc9060,https://dl.google.com/android/repository/build-tools_r23-linux.zip
Android SDK Build-tools,,,22.0.1,"Android SDK Build-tools, revision 22.0.1",false,33254137,61d8cbe069d9e0a57872a83e5e5abe164b7d52cf,https://dl.google.com/android/repository/build-tools_r22.0.1-windows.zip,33646102,53dad7f608e01d53b17176ba11165acbfccc5bbf,https://dl.google.com/android/repository/build-tools_r22.0.1-macosx.zip,33104577,da8b9c5c3ede39298e6cf0283c000c2ee9029646,https://dl.google.com/android/repository/build-tools_r22.0.1-linux.zip
Android SDK Build-tools,,,22,"Android SDK Build-tools, revision 22",true,33254114,08fcca41e81b172bd9f570963b90d3a84929e043,https://dl.google.com/android/repository/build-tools_r22-windows.zip,33646090,af95429b24088d704bc5db9bd606e34ac1b82c0d,https://dl.google.com/android/repository/build-tools_r22-macosx.zip,33104280,a8a1619dd090e44fac957bce6842e62abf87965b,https://dl.google.com/android/repository/build-tools_r22-linux.zip
Android SDK Build-tools,,,21.1.2,"Android SDK Build-tools, revision 21.1.2",false,32792587,1d944759c47f60e634d2b8a1f3a4259be2f8d652,https://dl.google.com/android/repository/build-tools_r21.1.2-windows.zip,33152878,e7c906b4ba0eea93b32ba36c610dbd6b204bff48,https://dl.google.com/android/repository/build-tools_r21.1.2-macosx.zip,32637678,5e35259843bf2926113a38368b08458735479658,https://dl.google.com/android/repository/build-tools_r21.1.2-linux.zip
Android SDK Build-tools,,,21.1.1,"Android SDK Build-tools, revision 21.1.1",true,32797356,53fc4201237f899d5cd92f0b76ad41fb89da188b,https://dl.google.com/android/repository/build-tools_r21.1.1-windows.zip,33157676,836a146eab0504aa9387a5132e986fe7c7381571,https://dl.google.com/android/repository/build-tools_r21.1.1-macosx.zip,32642454,1c712ee3a1ba5a8b0548f9c32f17d4a0ddfd727d,https://dl.google.com/android/repository/build-tools_r21.1.1-linux.zip
Android SDK Build-tools,,,21.1,"Android SDK Build-tools, revision 21.1",true,32797810,c79d63ac6b713a1e326ad4dae43f2ee76708a2f4,https://dl.google.com/android/repository/build-tools_r21.1-windows.zip,33158159,df619356c2359aa5eacdd48699d15b335d9bd246,https://dl.google.com/android/repository/build-tools_r21.1-macosx.zip,32642820,b7455e543784d52a8925f960bc880493ed1478cb,https://dl.google.com/android/repository/build-tools_r21.1-linux.zip
Android SDK Build-tools,,,21.0.2,"Android SDK Build-tools, revision 21.0.2",true,22306371,37496141b23cbe633167927b7abe6e22d9f1a1c1,https://dl.google.com/android/repository/build-tools_r21.0.2-windows.zip,22668597,f17471c154058f3734729ef3cc363399b1cd3de1,https://dl.google.com/android/repository/build-tools_r21.0.2-macosx.zip,22153122,e1236ab8897b62b57414adcf04c132567b2612a5,https://dl.google.com/android/repository/build-tools_r21.0.2-linux.zip
Android SDK Build-tools,,,21.0.1,"Android SDK Build-tools, revision 21.0.1",true,22306243,d68e7e6fd7a48c8759aa41d713c9d4f0e4c1c1df,https://dl.google.com/android/repository/build-tools_r21.0.1-windows.zip,22668616,b60c8f9b810c980abafa04896706f3911be1ade7,https://dl.google.com/android/repository/build-tools_r21.0.1-macosx.zip,22153013,e573069eea3e5255e7a65bedeb767f4fd0a5f49a,https://dl.google.com/android/repository/build-tools_r21.0.1-linux.zip
Android SDK Build-tools,,,21,"Android SDK Build-tools, revision 21",true,22306371,5bc8fd399bc0135a9bc91eec78ddc5af4f54bf32,https://dl.google.com/android/repository/build-tools_r21-windows.zip,22668456,9bef7989b51436bd4e5114d8a0330359f077cbfa,https://dl.google.com/android/repository/build-tools_r21-macosx.zip,22153145,4933328fdeecbd554a29528f254f4993468e1cf4,https://dl.google.com/android/repository/build-tools_r21-linux.zip
Android SDK Build-tools,,,20,"Android SDK Build-tools, revision 20",false,20828006,cf20720e452b642d5eb59dabe05c0c729b36ec75,https://dl.google.com/android/repository/build-tools_r20-windows.zip,21650508,1240f629411c108a714c4ddd756937c7fab93f83,https://dl.google.com/android/repository/build-tools_r20-macosx.zip,21445463,b688905526a5584d1327a662d871a635ff502758,https://dl.google.com/android/repository/build-tools_r20-linux.zip
Android SDK Build-tools,,,19.1,"Android SDK Build-tools, revision 19.1",false,20812533,13b367fbdbff8132cb4356f716e8dc8a8df745c5,https://dl.google.com/android/repository/build-tools_r19.1-windows.zip,21590160,0d11aae3417de1efb4b9a0e0a7855904a61bcec1,https://dl.google.com/android/repository/build-tools_r19.1-macosx.zip,21490972,1ff20ac15fa47a75d00346ec12f180d531b3ca89,https://dl.google.com/android/repository/build-tools_r19.1-linux.zip
Android SDK Build-tools,,,19.0.3,"Android SDK Build-tools, revision 19.0.3",true,20730715,cb46b433b67a0a6910ff00db84be8b527ea3102f,https://dl.google.com/android/repository/build-tools_r19.0.3-windows.zip,21563992,651cf8754373b2d52e7f6aab2c52eabffe4e9ea4,https://dl.google.com/android/repository/build-tools_r19.0.3-macosx.zip,21462150,c2d6055478e9d2d4fba476ee85f99181ddd1160c,https://dl.google.com/android/repository/build-tools_r19.0.3-linux.zip
Android SDK Build-tools,,,19.0.2,"Android SDK Build-tools, revision 19.0.2",true,20621117,af664672d0d709c9ae30937b1062317d3ade7f95,https://dl.google.com/android/repository/build-tools_r19.0.2-windows.zip,21453726,145bc43065d45f756d99d87329d899052b9a9288,https://dl.google.com/android/repository/build-tools_r19.0.2-macosx.zip,21352552,a03a6bdea0091aea32e1b35b90a7294c9f04e3dd,https://dl.google.com/android/repository/build-tools_r19.0.2-linux.zip
Android SDK Build-tools,,,19.0.1,"Android SDK Build-tools, revision 19.0.1",true,20500648,5ef422bac5b28f4ced108319ed4a6bc7050a6234,https://dl.google.com/android/repository/build-tools_r19.0.1-windows.zip,21450597,efaf50fb19a3edb8d03efbff76f89a249ad2920b,https://dl.google.com/android/repository/build-tools_r19.0.1-macosx.zip,21229048,18d2312dc4368858914213087f4e61445aca4517,https://dl.google.com/android/repository/build-tools_r19.0.1-linux.zip
Android SDK Build-tools,,,19,"Android SDK Build-tools, revision 19",true,20611447,6edf505c20f5ece9c48fa0aff9a90488f9654d52,https://dl.google.com/android/repository/build-tools_r19-windows.zip,21441270,86ec1c12db1bc446b7bcaefc5cc14eb361044e90,https://dl.google.com/android/repository/build-tools_r19-macosx.zip,21339943,55c1a6cf632e7d346f0002b275ec41fd3137fd83,https://dl.google.com/android/repository/build-tools_r19-linux.zip
Android SDK Build-tools,,,18.1.1,"Android SDK Build-tools, revision 18.1.1",true,19660000,c4605066e2f851387ea70bc1442b1968bd7b4a15,https://dl.google.com/android/repository/build-tools_r18.1.1-windows.zip,20452157,a9d9d37f6ddf859e57abc78802a77aaa166e48d4,https://dl.google.com/android/repository/build-tools_r18.1.1-macosx.zip,20229760,68c9acbfc0cec2d51b19efaed39831a17055d998,https://dl.google.com/android/repository/build-tools_r18.1.1-linux.zip
Android SDK Build-tools,,,18.1,"Android SDK Build-tools, revision 18.1",true,19659547,3a9810fc8559ab03c09378f07531e8cae2f1db30,https://dl.google.com/android/repository/build-tools_r18.1-windows.zip,20451524,16ddb299b8b43063e5bb3387ec17147c5053dfd8,https://dl.google.com/android/repository/build-tools_r18.1-macosx.zip,20229298,f314a0599e51397f0886fe888b50dd98f2f050d8,https://dl.google.com/android/repository/build-tools_r18.1-linux.zip
Android SDK Build-tools,,,18.0.1,"Android SDK Build-tools, revision 18.0.1",true,15413527,a6c2afd0b6289d589351956d2f5212b37014ca7d,https://dl.google.com/android/repository/build-tools_r18.0.1-windows.zip,16633121,d84f5692fb44d60fc53e5b2507cebf9f24626902,https://dl.google.com/android/repository/build-tools_r18.0.1-macosx.zip,16627330,f11618492b0d2270c332325d45d752d3656a9640,https://dl.google.com/android/repository/build-tools_r18.0.1-linux.zip
Android SDK Build-tools,,,17,"Android SDK Build-tools, revision 17",true,11004914,899897d327b0bad492d3a40d3db4d96119c15bc0,https://dl.google.com/android/repository/build-tools_r17-windows.zip,12208114,602ee709be9dbb8f179b1e4075148a57f9419930,https://dl.google.com/android/repository/build-tools_r17-macosx.zip,11696007,2c2872bc3806aabf16a12e3959c2183ddc866e6d,https://dl.google.com/android/repository/build-tools_r17-linux.zip
Android SDK Tools,,,25.2.5,"Tools, revision 25.2.5",false,306785944,a7f7ebeae1c8d8f62d3a8466e9c81baee7cc31ca,https://dl.google.com/android/repository/tools_r25.2.5-windows.zip,200529982,d2168d963ac5b616e3d3ddaf21511d084baf3659,https://dl.google.com/android/repository/tools_r25.2.5-macosx.zip,277894900,72df3aa1988c0a9003ccdfd7a13a7b8bd0f47fc1,https://dl.google.com/android/repository/tools_r25.2.5-linux.zip
Documentation for Android SDK,,24,1,"Documentation for Android SDK, API 24, revision 1",false,419477967,eef58238949ee9544876cb3e002f2d58e4ee7b5d,https://dl.google.com/android/repository/docs-24_r01.zip,419477967,eef58238949ee9544876cb3e002f2d58e4ee7b5d,https://dl.google.com/android/repository/docs-24_r01.zip,419477967,eef58238949ee9544876cb3e002f2d58e4ee7b5d,https://dl.google.com/android/repository/docs-24_r01.zip
Sources for Android SDK,,25,1,"Sources for Android SDK, API 25, revision 1",false,30822685,bbc72efd1a9bad87cc507e308f0d29aad438c52c,https://dl.google.com/android/repository/sources-25_r01.zip,30822685,bbc72efd1a9bad87cc507e308f0d29aad438c52c,https://dl.google.com/android/repository/sources-25_r01.zip,30822685,bbc72efd1a9bad87cc507e308f0d29aad438c52c,https://dl.google.com/android/repository/sources-25_r01.zip
Sources for Android SDK,,24,1,"Sources for Android SDK, API 24, revision 1",false,30270410,6b96115830a83d654479f32ce4b724ca9011148b,https://dl.google.com/android/repository/sources-24_r01.zip,30270410,6b96115830a83d654479f32ce4b724ca9011148b,https://dl.google.com/android/repository/sources-24_r01.zip,30270410,6b96115830a83d654479f32ce4b724ca9011148b,https://dl.google.com/android/repository/sources-24_r01.zip
Sources for Android SDK,,23,1,"Sources for Android SDK, API 23, revision 1",false,31771965,b0f15da2762b42f543c5e364c2b15b198cc99cc2,https://dl.google.com/android/repository/sources-23_r01.zip,31771965,b0f15da2762b42f543c5e364c2b15b198cc99cc2,https://dl.google.com/android/repository/sources-23_r01.zip,31771965,b0f15da2762b42f543c5e364c2b15b198cc99cc2,https://dl.google.com/android/repository/sources-23_r01.zip
Sources for Android SDK,,22,1,"Sources for Android SDK, API 22, revision 1",false,28861236,98320e13976d11597a4a730a8d203ac9a03ed5a6,https://dl.google.com/android/repository/sources-22_r01.zip,28861236,98320e13976d11597a4a730a8d203ac9a03ed5a6,https://dl.google.com/android/repository/sources-22_r01.zip,28861236,98320e13976d11597a4a730a8d203ac9a03ed5a6,https://dl.google.com/android/repository/sources-22_r01.zip
Sources for Android SDK,,21,1,"Sources for Android SDK, API 21, revision 1",false,28274751,137a5044915d32bea297a8c1552684802bbc2e25,https://dl.google.com/android/repository/sources-21_r01.zip,28274751,137a5044915d32bea297a8c1552684802bbc2e25,https://dl.google.com/android/repository/sources-21_r01.zip,28274751,137a5044915d32bea297a8c1552684802bbc2e25,https://dl.google.com/android/repository/sources-21_r01.zip
Sources for Android SDK,,20,1,"Sources for Android SDK, API 20, revision 1",false,23367603,8da3e40f2625f9f7ef38b7e403f49f67226c0d76,https://dl.google.com/android/repository/sources-20_r01.zip,23367603,8da3e40f2625f9f7ef38b7e403f49f67226c0d76,https://dl.google.com/android/repository/sources-20_r01.zip,23367603,8da3e40f2625f9f7ef38b7e403f49f67226c0d76,https://dl.google.com/android/repository/sources-20_r01.zip
Sources for Android SDK,,19,2,"Sources for Android SDK, API 19, revision 2",false,21819439,433a1d043ef77561571250e94cb7a0ef24a202e7,https://dl.google.com/android/repository/sources-19_r02.zip,21819439,433a1d043ef77561571250e94cb7a0ef24a202e7,https://dl.google.com/android/repository/sources-19_r02.zip,21819439,433a1d043ef77561571250e94cb7a0ef24a202e7,https://dl.google.com/android/repository/sources-19_r02.zip
Sources for Android SDK,,18,1,"Sources for Android SDK, API 18, revision 1",false,20226735,8b49fdf7433f4881a2bfb559b5dd05d8ec65fb78,https://dl.google.com/android/repository/sources-18_r01.zip,20226735,8b49fdf7433f4881a2bfb559b5dd05d8ec65fb78,https://dl.google.com/android/repository/sources-18_r01.zip,20226735,8b49fdf7433f4881a2bfb559b5dd05d8ec65fb78,https://dl.google.com/android/repository/sources-18_r01.zip
Sources for Android SDK,,17,1,"Sources for Android SDK, API 17, revision 1",false,18976816,6f1f18cd2d2b1852d7f6892df9cee3823349d43a,https://dl.google.com/android/repository/sources-17_r01.zip,18976816,6f1f18cd2d2b1852d7f6892df9cee3823349d43a,https://dl.google.com/android/repository/sources-17_r01.zip,18976816,6f1f18cd2d2b1852d7f6892df9cee3823349d43a,https://dl.google.com/android/repository/sources-17_r01.zip
Sources for Android SDK,,16,2,"Sources for Android SDK, API 16, revision 2",false,17876720,0f83c14ed333c45d962279ab5d6bc98a0269ef84,https://dl.google.com/android/repository/sources-16_r02.zip,17876720,0f83c14ed333c45d962279ab5d6bc98a0269ef84,https://dl.google.com/android/repository/sources-16_r02.zip,17876720,0f83c14ed333c45d962279ab5d6bc98a0269ef84,https://dl.google.com/android/repository/sources-16_r02.zip
Sources for Android SDK,,15,2,"Sources for Android SDK, API 15, revision 2",false,16468746,e5992a5747c9590783fbbdd700337bf0c9f6b1fa,https://dl.google.com/android/repository/sources-15_r02.zip,16468746,e5992a5747c9590783fbbdd700337bf0c9f6b1fa,https://dl.google.com/android/repository/sources-15_r02.zip,16468746,e5992a5747c9590783fbbdd700337bf0c9f6b1fa,https://dl.google.com/android/repository/sources-15_r02.zip
Sources for Android SDK,,14,1,"Sources for Android SDK, API 14, revision 1",true,16152383,eaf4ed7dcac46e68516a1b4aa5b0d9e5a39a7555,https://dl.google.com/android/repository/sources-14_r01.zip,16152383,eaf4ed7dcac46e68516a1b4aa5b0d9e5a39a7555,https://dl.google.com/android/repository/sources-14_r01.zip,16152383,eaf4ed7dcac46e68516a1b4aa5b0d9e5a39a7555,https://dl.google.com/android/repository/sources-14_r01.zip
Android Support Library,,,19.1,"Android Support Library, revision 19.1",false,5138974,9d881bfc3137f2e416c94eb7509af94ea007e074,https://dl.google.com/android/repository/extras/intel/support_r19.1.zip,5138974,9d881bfc3137f2e416c94eb7509af94ea007e074,https://dl.google.com/android/repository/extras/intel/support_r19.1.zip,5138974,9d881bfc3137f2e416c94eb7509af94ea007e074,https://dl.google.com/android/repository/extras/intel/support_r19.1.zip
Google APIs,,3,3,Android + Google APIs,true,34908058,1f92abf3a76be66ae8032257fc7620acbd2b2e3a,https://dl.google.com/android/repository/google_apis-3-r03.zip,34908058,1f92abf3a76be66ae8032257fc7620acbd2b2e3a,https://dl.google.com/android/repository/google_apis-3-r03.zip,34908058,1f92abf3a76be66ae8032257fc7620acbd2b2e3a,https://dl.google.com/android/repository/google_apis-3-r03.zip
Google APIs,,4,2,Android + Google APIs,true,42435735,9b6e86d8568558de4d606a7debc4f6049608dbd0,https://dl.google.com/android/repository/google_apis-4_r02.zip,42435735,9b6e86d8568558de4d606a7debc4f6049608dbd0,https://dl.google.com/android/repository/google_apis-4_r02.zip,42435735,9b6e86d8568558de4d606a7debc4f6049608dbd0,https://dl.google.com/android/repository/google_apis-4_r02.zip
Google APIs,,5,1,Android + Google APIs,true,49123776,46eaeb56b645ee7ffa24ede8fa17f3df70db0503,https://dl.google.com/android/repository/google_apis-5_r01.zip,49123776,46eaeb56b645ee7ffa24ede8fa17f3df70db0503,https://dl.google.com/android/repository/google_apis-5_r01.zip,49123776,46eaeb56b645ee7ffa24ede8fa17f3df70db0503,https://dl.google.com/android/repository/google_apis-5_r01.zip
Google APIs,,6,1,Android + Google APIs,true,53382941,5ff545d96e031e09580a6cf55713015c7d4936b2,https://dl.google.com/android/repository/google_apis-6_r01.zip,53382941,5ff545d96e031e09580a6cf55713015c7d4936b2,https://dl.google.com/android/repository/google_apis-6_r01.zip,53382941,5ff545d96e031e09580a6cf55713015c7d4936b2,https://dl.google.com/android/repository/google_apis-6_r01.zip
Google APIs,,7,1,Android + Google APIs,true,53691339,2e7f91e0fe34fef7f58aeced973c6ae52361b5ac,https://dl.google.com/android/repository/google_apis-7_r01.zip,53691339,2e7f91e0fe34fef7f58aeced973c6ae52361b5ac,https://dl.google.com/android/repository/google_apis-7_r01.zip,53691339,2e7f91e0fe34fef7f58aeced973c6ae52361b5ac,https://dl.google.com/android/repository/google_apis-7_r01.zip
Google APIs,,8,2,Android + Google APIs,true,59505020,3079958e7ec87222cac1e6b27bc471b27bf2c352,https://dl.google.com/android/repository/google_apis-8_r02.zip,59505020,3079958e7ec87222cac1e6b27bc471b27bf2c352,https://dl.google.com/android/repository/google_apis-8_r02.zip,59505020,3079958e7ec87222cac1e6b27bc471b27bf2c352,https://dl.google.com/android/repository/google_apis-8_r02.zip
Google APIs,,9,2,Android + Google APIs,true,63401546,78664645a1e9accea4430814f8694291a7f1ea5d,https://dl.google.com/android/repository/google_apis-9_r02.zip,63401546,78664645a1e9accea4430814f8694291a7f1ea5d,https://dl.google.com/android/repository/google_apis-9_r02.zip,63401546,78664645a1e9accea4430814f8694291a7f1ea5d,https://dl.google.com/android/repository/google_apis-9_r02.zip
Google APIs,,10,2,Android + Google APIs,true,65781578,cc0711857c881fa7534f90cf8cc09b8fe985484d,https://dl.google.com/android/repository/google_apis-10_r02.zip,65781578,cc0711857c881fa7534f90cf8cc09b8fe985484d,https://dl.google.com/android/repository/google_apis-10_r02.zip,65781578,cc0711857c881fa7534f90cf8cc09b8fe985484d,https://dl.google.com/android/repository/google_apis-10_r02.zip
Google APIs,,11,1,Android + Google APIs,true,83477179,5eab5e81addee9f3576d456d205208314b5146a5,https://dl.google.com/android/repository/google_apis-11_r01.zip,83477179,5eab5e81addee9f3576d456d205208314b5146a5,https://dl.google.com/android/repository/google_apis-11_r01.zip,83477179,5eab5e81addee9f3576d456d205208314b5146a5,https://dl.google.com/android/repository/google_apis-11_r01.zip
Google APIs,,12,1,Android + Google APIs,true,86099835,e9999f4fa978812174dfeceec0721c793a636e5d,https://dl.google.com/android/repository/google_apis-12_r01.zip,86099835,e9999f4fa978812174dfeceec0721c793a636e5d,https://dl.google.com/android/repository/google_apis-12_r01.zip,86099835,e9999f4fa978812174dfeceec0721c793a636e5d,https://dl.google.com/android/repository/google_apis-12_r01.zip
Google APIs,,13,1,Android + Google APIs,true,88615525,3b153edd211c27dc736c893c658418a4f9041417,https://dl.google.com/android/repository/google_apis-13_r01.zip,88615525,3b153edd211c27dc736c893c658418a4f9041417,https://dl.google.com/android/repository/google_apis-13_r01.zip,88615525,3b153edd211c27dc736c893c658418a4f9041417,https://dl.google.com/android/repository/google_apis-13_r01.zip
Google APIs,,14,2,Android + Google APIs,true,106533714,f8eb4d96ad0492b4c0db2d7e4f1a1a3836664d39,https://dl.google.com/android/repository/google_apis-14_r02.zip,106533714,f8eb4d96ad0492b4c0db2d7e4f1a1a3836664d39,https://dl.google.com/android/repository/google_apis-14_r02.zip,106533714,f8eb4d96ad0492b4c0db2d7e4f1a1a3836664d39,https://dl.google.com/android/repository/google_apis-14_r02.zip
Google APIs,,15,3,Android + Google APIs,false,106624396,d0d2bf26805eb271693570a1aaec33e7dc3f45e9,https://dl.google.com/android/repository/google_apis-15_r03.zip,106624396,d0d2bf26805eb271693570a1aaec33e7dc3f45e9,https://dl.google.com/android/repository/google_apis-15_r03.zip,106624396,d0d2bf26805eb271693570a1aaec33e7dc3f45e9,https://dl.google.com/android/repository/google_apis-15_r03.zip
Google APIs,,16,4,Android + Google APIs,false,127341982,ee6acf1b01020bfa8a8e24725dbc4478bee5e792,https://dl.google.com/android/repository/google_apis-16_r04.zip,127341982,ee6acf1b01020bfa8a8e24725dbc4478bee5e792,https://dl.google.com/android/repository/google_apis-16_r04.zip,127341982,ee6acf1b01020bfa8a8e24725dbc4478bee5e792,https://dl.google.com/android/repository/google_apis-16_r04.zip
Google APIs,,17,4,Android + Google APIs,false,137231243,a076be0677f38df8ca5536b44dfb411a0c808c4f,https://dl.google.com/android/repository/google_apis-17_r04.zip,137231243,a076be0677f38df8ca5536b44dfb411a0c808c4f,https://dl.google.com/android/repository/google_apis-17_r04.zip,137231243,a076be0677f38df8ca5536b44dfb411a0c808c4f,https://dl.google.com/android/repository/google_apis-17_r04.zip
Google APIs,,18,4,Android + Google APIs,false,143195183,6109603409debdd40854d4d4a92eaf8481462c8b,https://dl.google.com/android/repository/google_apis-18_r04.zip,143195183,6109603409debdd40854d4d4a92eaf8481462c8b,https://dl.google.com/android/repository/google_apis-18_r04.zip,143195183,6109603409debdd40854d4d4a92eaf8481462c8b,https://dl.google.com/android/repository/google_apis-18_r04.zip
Google APIs,,19,20,Android + Google APIs,false,147081,5b933abe830b2f25b4c0f171d45e9e0651e56311,https://dl.google.com/android/repository/google_apis-19_r20.zip,147081,5b933abe830b2f25b4c0f171d45e9e0651e56311,https://dl.google.com/android/repository/google_apis-19_r20.zip,147081,5b933abe830b2f25b4c0f171d45e9e0651e56311,https://dl.google.com/android/repository/google_apis-19_r20.zip
Google APIs,,24,1,Android + Google APIs,false,154865,31361c2868f27343ee917fbd259c1463821b6145,https://dl.google.com/android/repository/google_apis-24_r1.zip,154865,31361c2868f27343ee917fbd259c1463821b6145,https://dl.google.com/android/repository/google_apis-24_r1.zip,154865,31361c2868f27343ee917fbd259c1463821b6145,https://dl.google.com/android/repository/google_apis-24_r1.zip
Google APIs,,23,1,Android + Google APIs,false,154871,550e83eea9513ab11c44919ac6da54b36084a9f3,https://dl.google.com/android/repository/google_apis-25_r1.zip,154871,550e83eea9513ab11c44919ac6da54b36084a9f3,https://dl.google.com/android/repository/google_apis-25_r1.zip,154871,550e83eea9513ab11c44919ac6da54b36084a9f3,https://dl.google.com/android/repository/google_apis-25_r1.zip
Google APIs,,21,1,Android + Google APIs,false,179499,66a754efb24e9bb07cc51648426443c7586c9d4a,https://dl.google.com/android/repository/google_apis-21_r01.zip,179499,66a754efb24e9bb07cc51648426443c7586c9d4a,https://dl.google.com/android/repository/google_apis-21_r01.zip,179499,66a754efb24e9bb07cc51648426443c7586c9d4a,https://dl.google.com/android/repository/google_apis-21_r01.zip
Google APIs,,22,1,Android + Google APIs,false,179259,5def0f42160cba8acff51b9c0c7e8be313de84f5,https://dl.google.com/android/repository/google_apis-22_r01.zip,179259,5def0f42160cba8acff51b9c0c7e8be313de84f5,https://dl.google.com/android/repository/google_apis-22_r01.zip,179259,5def0f42160cba8acff51b9c0c7e8be313de84f5,https://dl.google.com/android/repository/google_apis-22_r01.zip
Google APIs,,23,1,Android + Google APIs,false,179900,04c5cc1a7c88967250ebba9561d81e24104167db,https://dl.google.com/android/repository/google_apis-23_r01.zip,179900,04c5cc1a7c88967250ebba9561d81e24104167db,https://dl.google.com/android/repository/google_apis-23_r01.zip,179900,04c5cc1a7c88967250ebba9561d81e24104167db,https://dl.google.com/android/repository/google_apis-23_r01.zip
Google TV Addon,,12,2,"Google TV Addon, API 12, revision 2",true,78266751,92128a12e7e8b0fb5bac59153d7779b717e7b840,https://dl.google.com/android/repository/google_tv-12_r02.zip,78266751,92128a12e7e8b0fb5bac59153d7779b717e7b840,https://dl.google.com/android/repository/google_tv-12_r02.zip,78266751,92128a12e7e8b0fb5bac59153d7779b717e7b840,https://dl.google.com/android/repository/google_tv-12_r02.zip
Google TV Addon,,13,1,"Google TV Addon, API 13, revision 1",true,87721879,b73f7c66011ac8180b44aa4e83b8d78c66ea9a09,https://dl.google.com/android/repository/google_tv-13_r01.zip,87721879,b73f7c66011ac8180b44aa4e83b8d78c66ea9a09,https://dl.google.com/android/repository/google_tv-13_r01.zip,87721879,b73f7c66011ac8180b44aa4e83b8d78c66ea9a09,https://dl.google.com/android/repository/google_tv-13_r01.zip
Android Support Repository,,,47,Local Maven repository for Support Libraries,false,355529608,a0d22beacc106a6977321f2b07d692ce4979e96a,https://dl.google.com/android/repository/android_m2repository_r47.zip,355529608,a0d22beacc106a6977321f2b07d692ce4979e96a,https://dl.google.com/android/repository/android_m2repository_r47.zip,355529608,a0d22beacc106a6977321f2b07d692ce4979e96a,https://dl.google.com/android/repository/android_m2repository_r47.zip
Google Repository,,,57,Local Maven repository for Support Libraries,false,214565802,4bc48d6d4d39944cf2b061e3f618cd9d447c75bb,https://dl.google.com/android/repository/google_m2repository_gms_v11_3_rc05_wear_2_0_4.zip,214565802,4bc48d6d4d39944cf2b061e3f618cd9d447c75bb,https://dl.google.com/android/repository/google_m2repository_gms_v11_3_rc05_wear_2_0_4.zip,214565802,4bc48d6d4d39944cf2b061e3f618cd9d447c75bb,https://dl.google.com/android/repository/google_m2repository_gms_v11_3_rc05_wear_2_0_4.zip
Google Play Licensing Library,,,1,Android Market Licensing client library,false,75109,355e8dc304a92a5616db235af8ee7bd554356254,https://dl.google.com/android/repository/market_licensing-r02.zip,75109,355e8dc304a92a5616db235af8ee7bd554356254,https://dl.google.com/android/repository/market_licensing-r02.zip,75109,355e8dc304a92a5616db235af8ee7bd554356254,https://dl.google.com/android/repository/market_licensing-r02.zip
Google Play APK Expansion library,,,1,Android Market APK Expansion library,false,110201,5305399dc1a56814e86b8459ce24871916f78b8c,https://dl.google.com/android/repository/market_apk_expansion-r03.zip,110201,5305399dc1a56814e86b8459ce24871916f78b8c,https://dl.google.com/android/repository/market_apk_expansion-r03.zip,110201,5305399dc1a56814e86b8459ce24871916f78b8c,https://dl.google.com/android/repository/market_apk_expansion-r03.zip
Google Play services for Froyo,,,12,Google Play services client library and sample code,true,5265389,92558dbc380bba3d55d0ec181167fb05ce7c79d9,https://dl.google.com/android/repository/google_play_services_3265130_r12.zip,5265389,92558dbc380bba3d55d0ec181167fb05ce7c79d9,https://dl.google.com/android/repository/google_play_services_3265130_r12.zip,5265389,92558dbc380bba3d55d0ec181167fb05ce7c79d9,https://dl.google.com/android/repository/google_play_services_3265130_r12.zip
Google Play services,,,43,Google Play services Javadocs and sample code,false,21391284,6b072d5b96fb8726405d363ccdbb4d26bec0b54f,https://dl.google.com/android/repository/google_play_services_v11_3_rc05.zip,21391284,6b072d5b96fb8726405d363ccdbb4d26bec0b54f,https://dl.google.com/android/repository/google_play_services_v11_3_rc05.zip,21391284,6b072d5b96fb8726405d363ccdbb4d26bec0b54f,https://dl.google.com/android/repository/google_play_services_v11_3_rc05.zip
Google USB Driver,,,11,"USB Driver for Windows, revision 11",false,8682859,dc8a2ed2fbd7246d4caf9ab10ffe7749dc35d1cc,https://dl.google.com/android/repository/usb_driver_r11-windows.zip,,,,,,
Google Play Billing Library,,,5,Google Play Billing files and sample code,false,436654,bd2ac5ce7127070ac3229003eb69cfb806628ac9,https://dl.google.com/android/repository/play_billing_r05.zip,436654,bd2ac5ce7127070ac3229003eb69cfb806628ac9,https://dl.google.com/android/repository/play_billing_r05.zip,436654,bd2ac5ce7127070ac3229003eb69cfb806628ac9,https://dl.google.com/android/repository/play_billing_r05.zip
Google AdMob Ads SDK,,,11,AdMob Ads SDK,true,704512,0102859d9575baa0bf4fd5eb422af2ad0fe6cb82,https://dl.google.com/android/repository/GoogleAdMobAdsSdkAndroid-6.4.1.zip,704512,0102859d9575baa0bf4fd5eb422af2ad0fe6cb82,https://dl.google.com/android/repository/GoogleAdMobAdsSdkAndroid-6.4.1.zip,704512,0102859d9575baa0bf4fd5eb422af2ad0fe6cb82,https://dl.google.com/android/repository/GoogleAdMobAdsSdkAndroid-6.4.1.zip
Google Analytics App Tracking SDK,,,3,Analytics App Tracking SDK,true,211432,dc14026bf0ce78315cb5dd00552607de0894de83,https://dl.google.com/android/repository/GoogleAnalyticsAndroid_2.0beta5.zip,211432,dc14026bf0ce78315cb5dd00552607de0894de83,https://dl.google.com/android/repository/GoogleAnalyticsAndroid_2.0beta5.zip,211432,dc14026bf0ce78315cb5dd00552607de0894de83,https://dl.google.com/android/repository/GoogleAnalyticsAndroid_2.0beta5.zip
Google Web Driver,,,2,"Google Web Driver, revision 2",false,4055193,13f3a3b2670a5fc04a7342861644be9a01b07e38,https://dl.google.com/android/repository/webdriver_r02.zip,4055193,13f3a3b2670a5fc04a7342861644be9a01b07e38,https://dl.google.com/android/repository/webdriver_r02.zip,4055193,13f3a3b2670a5fc04a7342861644be9a01b07e38,https://dl.google.com/android/repository/webdriver_r02.zip
Google Cloud Messaging for Android Library,,,3,GCM library has been moved to Google Play Services (com.google.android.gms.gcm) and this standalone version is no longer supported,true,5901400,ad066fd0dc7fc99d8aadac09c65a3c2519fbc7bf,https://dl.google.com/android/repository/gcm_r03.zip,5901400,ad066fd0dc7fc99d8aadac09c65a3c2519fbc7bf,https://dl.google.com/android/repository/gcm_r03.zip,5901400,ad066fd0dc7fc99d8aadac09c65a3c2519fbc7bf,https://dl.google.com/android/repository/gcm_r03.zip
Android Auto API Simulators,,,1,Android Auto API testing simulators,false,2167286,4fb5344e34e8faab4db18af07dace44c50db26a7,https://dl.google.com/android/repository/simulator_r01.zip,2167286,4fb5344e34e8faab4db18af07dace44c50db26a7,https://dl.google.com/android/repository/simulator_r01.zip,2167286,4fb5344e34e8faab4db18af07dace44c50db26a7,https://dl.google.com/android/repository/simulator_r01.zip
Android Auto Desktop Head Unit emulator,,,1.1,Head unit emulator for developers targeting the Android Auto platform.,false,2691901,99c4a7172d73673552119347bc24c58b47da177b,https://dl.google.com/android/repository/desktop-head-unit-windows_r01.1.zip,2375533,8179cbb3914493ebc5eb65b731cba061582f2e84,https://dl.google.com/android/repository/desktop-head-unit-macosx_r01.1.zip,1346009,202a6e1b3009a0eb815f8c672d2d5b3717de6169,https://dl.google.com/android/repository/desktop-head-unit-linux_r01.1.zip
Instant Apps Development SDK,,,1,Android Instant Apps Development SDK,false,450468876,50074a0f0312ee1d0d81d2cddc3d84a8a9e97a53,https://dl.google.com/android/repository/aiasdk-1.0.0.zip,450468876,50074a0f0312ee1d0d81d2cddc3d84a8a9e97a53,https://dl.google.com/android/repository/aiasdk-1.0.0.zip,450468876,50074a0f0312ee1d0d81d2cddc3d84a8a9e97a53,https://dl.google.com/android/repository/aiasdk-1.0.0.zip
Intel x86 Emulator Accelerator (HAXM installer),,,6.1.1,Emulation speedup using Intel VT processor technology. Read more at www.intel.com/software/android,false,,,,233477,8e2d79760be88bb551323f8a685f3d841a560cdb,https://dl.google.com/android/repository/extras/intel/haxm-macosx_r6_1_1.zip,,,
Intel x86 Emulator Accelerator (HAXM installer),,,6.0.6,Emulation speedup using Intel VT processor technology. Read more at www.intel.com/software/android,false,2641544,d5096efd5f7cd71a65cf319344258da3d72c5b21,https://dl.google.com/android/repository/extras/intel/haxm-windows_r6_0_6.zip,,,,,,
Glass Development Kit Preview,,19,11,Preview of the Glass Development Kit,false,72978,52cadbec4d42ce68a667e7e4ea461ef8b81924ef,https://dl.google.com/glass/xe22/google-gdk.zip,72978,52cadbec4d42ce68a667e7e4ea461ef8b81924ef,https://dl.google.com/glass/xe22/google-gdk.zip,72978,52cadbec4d42ce68a667e7e4ea461ef8b81924ef,https://dl.google.com/glass/xe22/google-gdk.zip
Android TV Intel x86 Atom System Image,,21,3,Android TV Intel x86 Atom System Image,false,268946785,2f8a1988188d6abfd6c6395baeb4471a034dc1e8,https://dl.google.com/android/repository/sys-img/android-tv/x86-21_r03.zip,268946785,2f8a1988188d6abfd6c6395baeb4471a034dc1e8,https://dl.google.com/android/repository/sys-img/android-tv/x86-21_r03.zip,268946785,2f8a1988188d6abfd6c6395baeb4471a034dc1e8,https://dl.google.com/android/repository/sys-img/android-tv/x86-21_r03.zip
Android TV ARM EABI v7a System Image,,21,3,Android TV ARM EABI v7a System Image,false,249428246,b63e28a47f11b639dd94981a458b7abfa89ac331,https://dl.google.com/android/repository/sys-img/android-tv/armeabi-v7a-21_r03.zip,249428246,b63e28a47f11b639dd94981a458b7abfa89ac331,https://dl.google.com/android/repository/sys-img/android-tv/armeabi-v7a-21_r03.zip,249428246,b63e28a47f11b639dd94981a458b7abfa89ac331,https://dl.google.com/android/repository/sys-img/android-tv/armeabi-v7a-21_r03.zip
Android TV Intel x86 Atom System Image,,22,3,Android TV Intel x86 Atom System Image,false,293118949,c78efd5a155622eb490be9d326f5783993375c35,https://dl.google.com/android/repository/sys-img/android-tv/x86-22_r03.zip,293118949,c78efd5a155622eb490be9d326f5783993375c35,https://dl.google.com/android/repository/sys-img/android-tv/x86-22_r03.zip,293118949,c78efd5a155622eb490be9d326f5783993375c35,https://dl.google.com/android/repository/sys-img/android-tv/x86-22_r03.zip
Android TV ARM EABI v7a System Image,,22,1,Android TV ARM EABI v7a System Image,false,269095973,557b7934170caa94f9dcac174f411b747ad62328,https://dl.google.com/android/repository/sys-img/android-tv/armeabi-v7a-22_r01.zip,269095973,557b7934170caa94f9dcac174f411b747ad62328,https://dl.google.com/android/repository/sys-img/android-tv/armeabi-v7a-22_r01.zip,269095973,557b7934170caa94f9dcac174f411b747ad62328,https://dl.google.com/android/repository/sys-img/android-tv/armeabi-v7a-22_r01.zip
Android TV Intel x86 Atom System Image,,23,10,Android TV Intel x86 Atom System Image,false,331305763,516fd1c1951bd3fff1c91e314e588d7014c20ec8,https://dl.google.com/android/repository/sys-img/android-tv/x86-23_r10.zip,331305763,516fd1c1951bd3fff1c91e314e588d7014c20ec8,https://dl.google.com/android/repository/sys-img/android-tv/x86-23_r10.zip,331305763,516fd1c1951bd3fff1c91e314e588d7014c20ec8,https://dl.google.com/android/repository/sys-img/android-tv/x86-23_r10.zip
Android TV ARM EABI v7a System Image,,23,10,Android TV ARM EABI v7a System Image,false,303901912,211016665fdb8e6e32b052f114684521bf9d3ee4,https://dl.google.com/android/repository/sys-img/android-tv/armeabi-v7a-23_r10.zip,303901912,211016665fdb8e6e32b052f114684521bf9d3ee4,https://dl.google.com/android/repository/sys-img/android-tv/armeabi-v7a-23_r10.zip,303901912,211016665fdb8e6e32b052f114684521bf9d3ee4,https://dl.google.com/android/repository/sys-img/android-tv/armeabi-v7a-23_r10.zip
Android TV Intel x86 Atom System Image,,24,11,Android TV Intel x86 Atom System Image,false,391540912,876f8aac0810d9cc8b5792c087080a140a565916,https://dl.google.com/android/repository/sys-img/android-tv/x86-24_r11.zip,391540912,876f8aac0810d9cc8b5792c087080a140a565916,https://dl.google.com/android/repository/sys-img/android-tv/x86-24_r11.zip,391540912,876f8aac0810d9cc8b5792c087080a140a565916,https://dl.google.com/android/repository/sys-img/android-tv/x86-24_r11.zip
Android TV Intel x86 Atom System Image,,25,5,Android TV Intel x86 Atom System Image,false,399838774,86ec49d21f35e3a14a0728a2df440e77fa6ccc62,https://dl.google.com/android/repository/sys-img/android-tv/x86-25_r05.zip,399838774,86ec49d21f35e3a14a0728a2df440e77fa6ccc62,https://dl.google.com/android/repository/sys-img/android-tv/x86-25_r05.zip,399838774,86ec49d21f35e3a14a0728a2df440e77fa6ccc62,https://dl.google.com/android/repository/sys-img/android-tv/x86-25_r05.zip
Android TV Intel x86 Atom System Image,,26,3,Android TV Intel x86 Atom System Image,false,378904057,b298f9eba1616db38d770da76e201b35e12269e2,https://dl.google.com/android/repository/sys-img/android-tv/x86-26_r03.zip,378904057,b298f9eba1616db38d770da76e201b35e12269e2,https://dl.google.com/android/repository/sys-img/android-tv/x86-26_r03.zip,378904057,b298f9eba1616db38d770da76e201b35e12269e2,https://dl.google.com/android/repository/sys-img/android-tv/x86-26_r03.zip
Android Wear ARM EABI v7a System Image,,23,6,Android Wear ARM EABI v7a System Image,false,253642503,0df5d34b1cdaaaa3805a2f06bb889901eabe2e71,https://dl.google.com/android/repository/sys-img/android-wear/armeabi-v7a-23_r06.zip,253642503,0df5d34b1cdaaaa3805a2f06bb889901eabe2e71,https://dl.google.com/android/repository/sys-img/android-wear/armeabi-v7a-23_r06.zip,253642503,0df5d34b1cdaaaa3805a2f06bb889901eabe2e71,https://dl.google.com/android/repository/sys-img/android-wear/armeabi-v7a-23_r06.zip
Android Wear Intel x86 Atom System Image,,23,6,Android Wear Intel x86 Atom System Image,false,263767761,3b15c123f3f71459d5b60c1714d49c5d90a5525e,https://dl.google.com/android/repository/sys-img/android-wear/x86-23_r06.zip,263767761,3b15c123f3f71459d5b60c1714d49c5d90a5525e,https://dl.google.com/android/repository/sys-img/android-wear/x86-23_r06.zip,263767761,3b15c123f3f71459d5b60c1714d49c5d90a5525e,https://dl.google.com/android/repository/sys-img/android-wear/x86-23_r06.zip
Android Wear ARM EABI v7a System Image,,25,3,Android Wear ARM EABI v7a System Image,false,377841195,76d3568a4e08023047af7d13025a35c9bf1d7e5c,https://dl.google.com/android/repository/sys-img/android-wear/armeabi-v7a-25_r03.zip,377841195,76d3568a4e08023047af7d13025a35c9bf1d7e5c,https://dl.google.com/android/repository/sys-img/android-wear/armeabi-v7a-25_r03.zip,377841195,76d3568a4e08023047af7d13025a35c9bf1d7e5c,https://dl.google.com/android/repository/sys-img/android-wear/armeabi-v7a-25_r03.zip
Android Wear Intel x86 Atom System Image,,25,3,Android Wear Intel x86 Atom System Image,false,397826706,693fce7b487a65491a4e88e9f740959688c9dbe6,https://dl.google.com/android/repository/sys-img/android-wear/x86-25_r03.zip,397826706,693fce7b487a65491a4e88e9f740959688c9dbe6,https://dl.google.com/android/repository/sys-img/android-wear/x86-25_r03.zip,397826706,693fce7b487a65491a4e88e9f740959688c9dbe6,https://dl.google.com/android/repository/sys-img/android-wear/x86-25_r03.zip
Android Wear Intel x86 Atom System Image,,26,1,Android Wear Intel x86 Atom System Image,false,355908764,d8b3c6412c495c5bf8146504304a47a0a14ed46a,https://dl.google.com/android/repository/sys-img/android-wear/x86-26_r01.zip,355908764,d8b3c6412c495c5bf8146504304a47a0a14ed46a,https://dl.google.com/android/repository/sys-img/android-wear/x86-26_r01.zip,355908764,d8b3c6412c495c5bf8146504304a47a0a14ed46a,https://dl.google.com/android/repository/sys-img/android-wear/x86-26_r01.zip
ARM EABI v7a System Image,,10,4,ARM EABI v7a System Image,false,67918042,54680383118eb5c95a11e1cc2a14aa572c86ee69,https://dl.google.com/android/repository/sys-img/android/armv7-10_r04.zip,67918042,54680383118eb5c95a11e1cc2a14aa572c86ee69,https://dl.google.com/android/repository/sys-img/android/armv7-10_r04.zip,67918042,54680383118eb5c95a11e1cc2a14aa572c86ee69,https://dl.google.com/android/repository/sys-img/android/armv7-10_r04.zip
ARM EABI v7a System Image,,14,2,ARM EABI v7a System Image,false,99621822,d8991b0c06b18d7d6ed4169d67460ee1add6661b,https://dl.google.com/android/repository/sys-img/android/sysimg_armv7a-14_r02.zip,99621822,d8991b0c06b18d7d6ed4169d67460ee1add6661b,https://dl.google.com/android/repository/sys-img/android/sysimg_armv7a-14_r02.zip,99621822,d8991b0c06b18d7d6ed4169d67460ee1add6661b,https://dl.google.com/android/repository/sys-img/android/sysimg_armv7a-14_r02.zip
ARM EABI v7a System Image,,15,4,ARM EABI v7a System Image,false,102079727,363223bd62f5afc0b2bd760b54ce9d26b31eacf1,https://dl.google.com/android/repository/sys-img/android/armeabi-v7a-15_r04.zip,102079727,363223bd62f5afc0b2bd760b54ce9d26b31eacf1,https://dl.google.com/android/repository/sys-img/android/armeabi-v7a-15_r04.zip,102079727,363223bd62f5afc0b2bd760b54ce9d26b31eacf1,https://dl.google.com/android/repository/sys-img/android/armeabi-v7a-15_r04.zip
ARM EABI v7a System Image,,16,4,ARM EABI v7a System Image,false,112608076,39c093ea755098f0ee79f607be7df9e54ba4943f,https://dl.google.com/android/repository/sys-img/android/sysimg_armv7a-16_r04.zip,112608076,39c093ea755098f0ee79f607be7df9e54ba4943f,https://dl.google.com/android/repository/sys-img/android/sysimg_armv7a-16_r04.zip,112608076,39c093ea755098f0ee79f607be7df9e54ba4943f,https://dl.google.com/android/repository/sys-img/android/sysimg_armv7a-16_r04.zip
ARM EABI v7a System Image,,17,5,ARM EABI v7a System Image,false,124238679,7460e8110f4a87f9644f1bdb5511a66872d50fd9,https://dl.google.com/android/repository/sys-img/android/armeabi-v7a-17_r05.zip,124238679,7460e8110f4a87f9644f1bdb5511a66872d50fd9,https://dl.google.com/android/repository/sys-img/android/armeabi-v7a-17_r05.zip,124238679,7460e8110f4a87f9644f1bdb5511a66872d50fd9,https://dl.google.com/android/repository/sys-img/android/armeabi-v7a-17_r05.zip
ARM EABI v7a System Image,,18,4,ARM EABI v7a System Image,false,130394401,0bf34ecf4ddd53f6b1b7fe7dfa12f2887c17e642,https://dl.google.com/android/repository/sys-img/android/armeabi-v7a-18_r04.zip,130394401,0bf34ecf4ddd53f6b1b7fe7dfa12f2887c17e642,https://dl.google.com/android/repository/sys-img/android/armeabi-v7a-18_r04.zip,130394401,0bf34ecf4ddd53f6b1b7fe7dfa12f2887c17e642,https://dl.google.com/android/repository/sys-img/android/armeabi-v7a-18_r04.zip
ARM EABI v7a System Image,,19,5,ARM EABI v7a System Image,false,159871567,d1a5fd4f2e1c013c3d3d9bfe7e9db908c3ed56fa,https://dl.google.com/android/repository/sys-img/android/armeabi-v7a-19_r05.zip,159871567,d1a5fd4f2e1c013c3d3d9bfe7e9db908c3ed56fa,https://dl.google.com/android/repository/sys-img/android/armeabi-v7a-19_r05.zip,159871567,d1a5fd4f2e1c013c3d3d9bfe7e9db908c3ed56fa,https://dl.google.com/android/repository/sys-img/android/armeabi-v7a-19_r05.zip
ARM EABI v7a System Image,,21,4,ARM EABI v7a System Image,false,187163871,8c606f81306564b65e41303d2603e4c42ded0d10,https://dl.google.com/android/repository/sys-img/android/armeabi-v7a-21_r04.zip,187163871,8c606f81306564b65e41303d2603e4c42ded0d10,https://dl.google.com/android/repository/sys-img/android/armeabi-v7a-21_r04.zip,187163871,8c606f81306564b65e41303d2603e4c42ded0d10,https://dl.google.com/android/repository/sys-img/android/armeabi-v7a-21_r04.zip
ARM EABI v7a System Image,,22,2,ARM EABI v7a System Image,false,194596267,2114ec015dbf3a16cbcb4f63e8a84a1b206a07a1,https://dl.google.com/android/repository/sys-img/android/armeabi-v7a-22_r02.zip,194596267,2114ec015dbf3a16cbcb4f63e8a84a1b206a07a1,https://dl.google.com/android/repository/sys-img/android/armeabi-v7a-22_r02.zip,194596267,2114ec015dbf3a16cbcb4f63e8a84a1b206a07a1,https://dl.google.com/android/repository/sys-img/android/armeabi-v7a-22_r02.zip
ARM EABI v7a System Image,,23,6,ARM EABI v7a System Image,false,238333358,7cf2ad756e54a3acfd81064b63cb0cb9dff2798d,https://dl.google.com/android/repository/sys-img/android/armeabi-v7a-23_r06.zip,,,,,,
ARM EABI v7a System Image,,24,7,ARM EABI v7a System Image,false,283677512,3454546b4eed2d6c3dd06d47757d6da9f4176033,https://dl.google.com/android/repository/sys-img/android/armeabi-v7a-24_r07.zip,283677512,3454546b4eed2d6c3dd06d47757d6da9f4176033,https://dl.google.com/android/repository/sys-img/android/armeabi-v7a-24_r07.zip,283677512,3454546b4eed2d6c3dd06d47757d6da9f4176033,https://dl.google.com/android/repository/sys-img/android/armeabi-v7a-24_r07.zip

MIPS System Image,,15,1,MIPS System Image,false,117503178,a753bb4a6783124dad726c500ce9aec9d2c1b2d9,https://dl.google.com/android/repository/sys-img/android/sysimg_mips-15_r01.zip,117503178,a753bb4a6783124dad726c500ce9aec9d2c1b2d9,https://dl.google.com/android/repository/sys-img/android/sysimg_mips-15_r01.zip,117503178,a753bb4a6783124dad726c500ce9aec9d2c1b2d9,https://dl.google.com/android/repository/sys-img/android/sysimg_mips-15_r01.zip
MIPS System Image,,16,1,MIPS System Image,false,122482530,67943c54fb3943943ffeb05fdd39c0b753681f6e,https://dl.google.com/android/repository/sys-img/android/sysimg_mips-16_r04.zip,122482530,67943c54fb3943943ffeb05fdd39c0b753681f6e,https://dl.google.com/android/repository/sys-img/android/sysimg_mips-16_r04.zip,122482530,67943c54fb3943943ffeb05fdd39c0b753681f6e,https://dl.google.com/android/repository/sys-img/android/sysimg_mips-16_r04.zip
MIPS System Image,,17,1,MIPS System Image,false,131781761,f0c6e153bd584c29e51b5c9723cfbf30f996a05d,https://dl.google.com/android/repository/sys-img/android/sysimg_mips-17_r01.zip,131781761,f0c6e153bd584c29e51b5c9723cfbf30f996a05d,https://dl.google.com/android/repository/sys-img/android/sysimg_mips-17_r01.zip,131781761,f0c6e153bd584c29e51b5c9723cfbf30f996a05d,https://dl.google.com/android/repository/sys-img/android/sysimg_mips-17_r01.zip
Intel x86 Atom System Image,,10,4,Intel x86 Atom System Image,false,75382637,655ffc5cc89dd45a3aca154b254009016e473aeb,https://dl.google.com/android/repository/sys-img/android/x86-10_r04.zip,75382637,655ffc5cc89dd45a3aca154b254009016e473aeb,https://dl.google.com/android/repository/sys-img/android/x86-10_r04.zip,75382637,655ffc5cc89dd45a3aca154b254009016e473aeb,https://dl.google.com/android/repository/sys-img/android/x86-10_r04.zip
Intel x86 Atom System Image,,15,4,Intel x86 Atom System Image,false,115324561,e45c728b64881c0e86529a8f7ea9c103a3cd14c1,https://dl.google.com/android/repository/sys-img/android/x86-15_r04.zip,115324561,e45c728b64881c0e86529a8f7ea9c103a3cd14c1,https://dl.google.com/android/repository/sys-img/android/x86-15_r04.zip,115324561,e45c728b64881c0e86529a8f7ea9c103a3cd14c1,https://dl.google.com/android/repository/sys-img/android/x86-15_r04.zip
Intel x86 Atom System Image,,16,5,Intel x86 Atom System Image,false,134339698,7ea16da3a8fdb880b1b290190fcc1bde2821c1e0,https://dl.google.com/android/repository/sys-img/android/x86-16_r05.zip,134339698,7ea16da3a8fdb880b1b290190fcc1bde2821c1e0,https://dl.google.com/android/repository/sys-img/android/x86-16_r05.zip,134339698,7ea16da3a8fdb880b1b290190fcc1bde2821c1e0,https://dl.google.com/android/repository/sys-img/android/x86-16_r05.zip
Intel x86 Atom System Image,,17,3,Intel x86 Atom System Image,false,142951842,eb30274460ff0d61f3ed37862b567811bebd8270,https://dl.google.com/android/repository/sys-img/android/x86-17_r03.zip,142951842,eb30274460ff0d61f3ed37862b567811bebd8270,https://dl.google.com/android/repository/sys-img/android/x86-17_r03.zip,142951842,eb30274460ff0d61f3ed37862b567811bebd8270,https://dl.google.com/android/repository/sys-img/android/x86-17_r03.zip
Intel x86 Atom System Image,,18,3,Intel x86 Atom System Image,false,149657535,03a0cb23465c3de15215934a1dbc9715b56e9458,https://dl.google.com/android/repository/sys-img/android/x86-18_r03.zip,149657535,03a0cb23465c3de15215934a1dbc9715b56e9458,https://dl.google.com/android/repository/sys-img/android/x86-18_r03.zip,149657535,03a0cb23465c3de15215934a1dbc9715b56e9458,https://dl.google.com/android/repository/sys-img/android/x86-18_r03.zip
Intel x86 Atom System Image,,19,6,Intel x86 Atom System Image,false,185886274,2ac82153aae97f7eae4c5a0761224fe04321d03d,https://dl.google.com/android/repository/sys-img/android/x86-19_r06.zip,185886274,2ac82153aae97f7eae4c5a0761224fe04321d03d,https://dl.google.com/android/repository/sys-img/android/x86-19_r06.zip,185886274,2ac82153aae97f7eae4c5a0761224fe04321d03d,https://dl.google.com/android/repository/sys-img/android/x86-19_r06.zip
Intel x86 Atom System Image,,21,5,Intel x86 Atom System Image,false,208212529,00f0eb0a1003efe3316347f762e20a85d8749cff,https://dl.google.com/android/repository/sys-img/android/x86-21_r05.zip,208212529,00f0eb0a1003efe3316347f762e20a85d8749cff,https://dl.google.com/android/repository/sys-img/android/x86-21_r05.zip,208212529,00f0eb0a1003efe3316347f762e20a85d8749cff,https://dl.google.com/android/repository/sys-img/android/x86-21_r05.zip
Intel x86 Atom System Image,,22,6,Intel x86 Atom System Image,false,214268954,e33e2a6cc3f1cc56b2019dbef3917d2eeb26f54e,https://dl.google.com/android/repository/sys-img/android/x86-22_r06.zip,214268954,e33e2a6cc3f1cc56b2019dbef3917d2eeb26f54e,https://dl.google.com/android/repository/sys-img/android/x86-22_r06.zip,214268954,e33e2a6cc3f1cc56b2019dbef3917d2eeb26f54e,https://dl.google.com/android/repository/sys-img/android/x86-22_r06.zip
Intel x86 Atom System Image,,23,10,Intel x86 Atom System Image,false,260804863,f6c3e3dd7bd951454795aa75c3a145fd05ac25bb,https://dl.google.com/android/repository/sys-img/android/x86-23_r10.zip,260804863,f6c3e3dd7bd951454795aa75c3a145fd05ac25bb,https://dl.google.com/android/repository/sys-img/android/x86-23_r10.zip,260804863,f6c3e3dd7bd951454795aa75c3a145fd05ac25bb,https://dl.google.com/android/repository/sys-img/android/x86-23_r10.zip
Intel x86 Atom System Image,,24,8,Intel x86 Atom System Image,false,313489224,c1cae7634b0216c0b5990f2c144eb8ca948e3511,https://dl.google.com/android/repository/sys-img/android/x86-24_r08.zip,313489224,c1cae7634b0216c0b5990f2c144eb8ca948e3511,https://dl.google.com/android/repository/sys-img/android/x86-24_r08.zip,313489224,c1cae7634b0216c0b5990f2c144eb8ca948e3511,https://dl.google.com/android/repository/sys-img/android/x86-24_r08.zip
Intel x86 Atom_64 System Image,,21,5,Intel x86 Atom_64 System Image,false,292623982,9078a095825a69e5e215713f0866c83cef65a342,https://dl.google.com/android/repository/sys-img/android/x86_64-21_r05.zip,292623982,9078a095825a69e5e215713f0866c83cef65a342,https://dl.google.com/android/repository/sys-img/android/x86_64-21_r05.zip,292623982,9078a095825a69e5e215713f0866c83cef65a342,https://dl.google.com/android/repository/sys-img/android/x86_64-21_r05.zip
Intel x86 Atom_64 System Image,,22,6,Intel x86 Atom_64 System Image,false,299976630,5db3b27f78cd9c4c5092b1cad5a5dd479fb5b2e4,https://dl.google.com/android/repository/sys-img/android/x86_64-22_r06.zip,299976630,5db3b27f78cd9c4c5092b1cad5a5dd479fb5b2e4,https://dl.google.com/android/repository/sys-img/android/x86_64-22_r06.zip,299976630,5db3b27f78cd9c4c5092b1cad5a5dd479fb5b2e4,https://dl.google.com/android/repository/sys-img/android/x86_64-22_r06.zip
Intel x86 Atom_64 System Image,,23,10,Intel x86 Atom_64 System Image,false,365009313,7cbc291483ca07dc67b71268c5f08a5755f50f51,https://dl.google.com/android/repository/sys-img/android/x86_64-23_r10.zip,365009313,7cbc291483ca07dc67b71268c5f08a5755f50f51,https://dl.google.com/android/repository/sys-img/android/x86_64-23_r10.zip,365009313,7cbc291483ca07dc67b71268c5f08a5755f50f51,https://dl.google.com/android/repository/sys-img/android/x86_64-23_r10.zip
Intel x86 Atom_64 System Image,,24,8,Intel x86 Atom_64 System Image,false,419261998,f6559e1949a5879f31a9662f4f0e50ad60181684,https://dl.google.com/android/repository/sys-img/android/x86_64-24_r08.zip,419261998,f6559e1949a5879f31a9662f4f0e50ad60181684,https://dl.google.com/android/repository/sys-img/android/x86_64-24_r08.zip,419261998,f6559e1949a5879f31a9662f4f0e50ad60181684,https://dl.google.com/android/repository/sys-img/android/x86_64-24_r08.zip
Google APIs ARM EABI v7a System Image,,10,5,Google APIs ARM EABI v7a System Image,false,110716848,cb60221d4ff6686ae96560970d48d9aa60e80b3f,https://dl.google.com/android/repository/sys-img/google_apis/armeabi-v7a-10_r05.zip,110716848,cb60221d4ff6686ae96560970d48d9aa60e80b3f,https://dl.google.com/android/repository/sys-img/google_apis/armeabi-v7a-10_r05.zip,110716848,cb60221d4ff6686ae96560970d48d9aa60e80b3f,https://dl.google.com/android/repository/sys-img/google_apis/armeabi-v7a-10_r05.zip
Google APIs Intel x86 Atom System Image,,10,5,Google APIs Intel x86 Atom System Image,false,118648586,b8e8a4ab26890c4a395fb796bf9cb7ceb51c880e,https://dl.google.com/android/repository/sys-img/google_apis/x86-10_r05.zip,118648586,b8e8a4ab26890c4a395fb796bf9cb7ceb51c880e,https://dl.google.com/android/repository/sys-img/google_apis/x86-10_r05.zip,118648586,b8e8a4ab26890c4a395fb796bf9cb7ceb51c880e,https://dl.google.com/android/repository/sys-img/google_apis/x86-10_r05.zip
Google APIs ARM EABI v7a System Image,,15,5,Google APIs ARM EABI v7a System Image,false,148410647,1ec4e6f9014fcbe694511280f5b497aaf7dd750f,https://dl.google.com/android/repository/sys-img/google_apis/armeabi-v7a-15_r05.zip,148410647,1ec4e6f9014fcbe694511280f5b497aaf7dd750f,https://dl.google.com/android/repository/sys-img/google_apis/armeabi-v7a-15_r05.zip,148410647,1ec4e6f9014fcbe694511280f5b497aaf7dd750f,https://dl.google.com/android/repository/sys-img/google_apis/armeabi-v7a-15_r05.zip
Google APIs Intel x86 Atom System Image,,15,5,Google APIs Intel x86 Atom System Image,false,162935691,12a009ef86a1f7176d101e40032a63a812bc7180,https://dl.google.com/android/repository/sys-img/google_apis/x86-15_r05.zip,162935691,12a009ef86a1f7176d101e40032a63a812bc7180,https://dl.google.com/android/repository/sys-img/google_apis/x86-15_r05.zip,162935691,12a009ef86a1f7176d101e40032a63a812bc7180,https://dl.google.com/android/repository/sys-img/google_apis/x86-15_r05.zip
Google APIs ARM EABI v7a System Image,,16,5,Google APIs ARM EABI v7a System Image,false,168481018,990ef55bcf4500debd723626bc14aa10bf4914fe,https://dl.google.com/android/repository/sys-img/google_apis/armeabi-v7a-16_r05.zip,168481018,990ef55bcf4500debd723626bc14aa10bf4914fe,https://dl.google.com/android/repository/sys-img/google_apis/armeabi-v7a-16_r05.zip,168481018,990ef55bcf4500debd723626bc14aa10bf4914fe,https://dl.google.com/android/repository/sys-img/google_apis/armeabi-v7a-16_r05.zip
Google APIs Intel x86 Atom System Image,,16,5,Google APIs Intel x86 Atom System Image,false,185785186,b7dee11fb413f04d67983dd331e2837213d35b49,https://dl.google.com/android/repository/sys-img/google_apis/x86-16_r05.zip,185785186,b7dee11fb413f04d67983dd331e2837213d35b49,https://dl.google.com/android/repository/sys-img/google_apis/x86-16_r05.zip,185785186,b7dee11fb413f04d67983dd331e2837213d35b49,https://dl.google.com/android/repository/sys-img/google_apis/x86-16_r05.zip
Google APIs ARM EABI v7a System Image,,17,5,Google APIs ARM EABI v7a System Image,false,174430788,c990f2a81c24a61f9f1da5d5d205f2924ce548ae,https://dl.google.com/android/repository/sys-img/google_apis/armeabi-v7a-17_r05.zip,174430788,c990f2a81c24a61f9f1da5d5d205f2924ce548ae,https://dl.google.com/android/repository/sys-img/google_apis/armeabi-v7a-17_r05.zip,174430788,c990f2a81c24a61f9f1da5d5d205f2924ce548ae,https://dl.google.com/android/repository/sys-img/google_apis/armeabi-v7a-17_r05.zip
Google APIs Intel x86 Atom System Image,,17,5,Google APIs Intel x86 Atom System Image,false,194550080,d89591526b66d7c475056b755dd20348bd6e5d75,https://dl.google.com/android/repository/sys-img/google_apis/x86-17_r05.zip,194550080,d89591526b66d7c475056b755dd20348bd6e5d75,https://dl.google.com/android/repository/sys-img/google_apis/x86-17_r05.zip,194550080,d89591526b66d7c475056b755dd20348bd6e5d75,https://dl.google.com/android/repository/sys-img/google_apis/x86-17_r05.zip
Google APIs ARM EABI v7a System Image,,18,5,Google APIs ARM EABI v7a System Image,false,178803998,c4e69a96d4584f7e311e358fe4ad0e5d1bf1605b,https://dl.google.com/android/repository/sys-img/google_apis/armeabi-v7a-18_r05.zip,178803998,c4e69a96d4584f7e311e358fe4ad0e5d1bf1605b,https://dl.google.com/android/repository/sys-img/google_apis/armeabi-v7a-18_r05.zip,178803998,c4e69a96d4584f7e311e358fe4ad0e5d1bf1605b,https://dl.google.com/android/repository/sys-img/google_apis/armeabi-v7a-18_r05.zip
Google APIs Intel x86 Atom System Image,,18,5,Google APIs Intel x86 Atom System Image,false,199522085,2b34741693eba9419cb6bf1a467596783234d37a,https://dl.google.com/android/repository/sys-img/google_apis/x86-18_r05.zip,199522085,2b34741693eba9419cb6bf1a467596783234d37a,https://dl.google.com/android/repository/sys-img/google_apis/x86-18_r05.zip,199522085,2b34741693eba9419cb6bf1a467596783234d37a,https://dl.google.com/android/repository/sys-img/google_apis/x86-18_r05.zip
Google APIs Intel x86 Atom System Image,,19,29,Google APIs Intel x86 Atom System Image,false,285296246,f637232a5dc0c73fe6008b75d8eca307cfab5dd5,https://dl.google.com/android/repository/sys-img/google_apis/x86-19_r29.zip,285296246,f637232a5dc0c73fe6008b75d8eca307cfab5dd5,https://dl.google.com/android/repository/sys-img/google_apis/x86-19_r29.zip,285296246,f637232a5dc0c73fe6008b75d8eca307cfab5dd5,https://dl.google.com/android/repository/sys-img/google_apis/x86-19_r29.zip
Google APIs ARM EABI v7a System Image,,19,28,Google APIs ARM EABI v7a System Image,false,241200501,6cb8af505af22bd941c732a5b2b7a25d97a91a8f,https://dl.google.com/android/repository/sys-img/google_apis/armeabi-v7a-19_r28.zip,241200501,6cb8af505af22bd941c732a5b2b7a25d97a91a8f,https://dl.google.com/android/repository/sys-img/google_apis/armeabi-v7a-19_r28.zip,241200501,6cb8af505af22bd941c732a5b2b7a25d97a91a8f,https://dl.google.com/android/repository/sys-img/google_apis/armeabi-v7a-19_r28.zip
Google APIs Intel x86 Atom System Image,,21,21,Google APIs Intel x86 Atom System Image,false,322840877,d9217736862218fabad7d426bee85ac605f277c5,https://dl.google.com/android/repository/sys-img/google_apis/x86-21_r21.zip,322840877,d9217736862218fabad7d426bee85ac605f277c5,https://dl.google.com/android/repository/sys-img/google_apis/x86-21_r21.zip,322840877,d9217736862218fabad7d426bee85ac605f277c5,https://dl.google.com/android/repository/sys-img/google_apis/x86-21_r21.zip
Google APIs Intel x86 Atom_64 System Image,,21,21,Google APIs Intel x86 Atom_64 System Image,false,459683915,0498967226c4725eee510e2c86cb00181ef6f2b6,https://dl.google.com/android/repository/sys-img/google_apis/x86_64-21_r21.zip,459683915,0498967226c4725eee510e2c86cb00181ef6f2b6,https://dl.google.com/android/repository/sys-img/google_apis/x86_64-21_r21.zip,459683915,0498967226c4725eee510e2c86cb00181ef6f2b6,https://dl.google.com/android/repository/sys-img/google_apis/x86_64-21_r21.zip
Google APIs ARM EABI v7a System Image,,21,20,Google APIs ARM EABI v7a System Image,false,292436480,f1c5b40403e0aa8c0d3003bc60eb136a69cefe59,https://dl.google.com/android/repository/sys-img/google_apis/armeabi-v7a-21_r20.zip,292436480,f1c5b40403e0aa8c0d3003bc60eb136a69cefe59,https://dl.google.com/android/repository/sys-img/google_apis/armeabi-v7a-21_r20.zip,292436480,f1c5b40403e0aa8c0d3003bc60eb136a69cefe59,https://dl.google.com/android/repository/sys-img/google_apis/armeabi-v7a-21_r20.zip
Google APIs Intel x86 Atom System Image,,22,15,Google APIs Intel x86 Atom System Image,false,376324903,2d3aa0c1e6340c7b552c3ad513729831c9146763,https://dl.google.com/android/repository/sys-img/google_apis/x86-22_r15.zip,376324903,2d3aa0c1e6340c7b552c3ad513729831c9146763,https://dl.google.com/android/repository/sys-img/google_apis/x86-22_r15.zip,376324903,2d3aa0c1e6340c7b552c3ad513729831c9146763,https://dl.google.com/android/repository/sys-img/google_apis/x86-22_r15.zip
Google APIs ARM EABI v7a System Image,,22,14,Google APIs ARM EABI v7a System Image,false,349922498,b1eb22542a95c56db4bab6f7b6da57b42b46aaf4,https://dl.google.com/android/repository/sys-img/google_apis/armeabi-v7a-22_r14.zip,349922498,b1eb22542a95c56db4bab6f7b6da57b42b46aaf4,https://dl.google.com/android/repository/sys-img/google_apis/armeabi-v7a-22_r14.zip,349922498,b1eb22542a95c56db4bab6f7b6da57b42b46aaf4,https://dl.google.com/android/repository/sys-img/google_apis/armeabi-v7a-22_r14.zip
Google APIs Intel x86 Atom_64 System Image,,22,15,Google APIs Intel x86 Atom_64 System Image,false,514910765,5ae5e9ac3b8f954e0ec77f1820df118193fc53d3,https://dl.google.com/android/repository/sys-img/google_apis/x86_64-22_r15.zip,514910765,5ae5e9ac3b8f954e0ec77f1820df118193fc53d3,https://dl.google.com/android/repository/sys-img/google_apis/x86_64-22_r15.zip,514910765,5ae5e9ac3b8f954e0ec77f1820df118193fc53d3,https://dl.google.com/android/repository/sys-img/google_apis/x86_64-22_r15.zip
Google APIs Intel x86 Atom System Image,,23,22,Google APIs Intel x86 Atom System Image,false,452910106,7d1761d1275d938806895953e8face42cc98dc55,https://dl.google.com/android/repository/sys-img/google_apis/x86-23_r22.zip,452910106,7d1761d1275d938806895953e8face42cc98dc55,https://dl.google.com/android/repository/sys-img/google_apis/x86-23_r22.zip,452910106,7d1761d1275d938806895953e8face42cc98dc55,https://dl.google.com/android/repository/sys-img/google_apis/x86-23_r22.zip
Google APIs Intel x86 Atom_64 System Image,,23,22,Google APIs Intel x86 Atom_64 System Image,false,598411478,4e3e6b45b2f615e8a67935d2c7255a2861434a45,https://dl.google.com/android/repository/sys-img/google_apis/x86_64-23_r22.zip,598411478,4e3e6b45b2f615e8a67935d2c7255a2861434a45,https://dl.google.com/android/repository/sys-img/google_apis/x86_64-23_r22.zip,598411478,4e3e6b45b2f615e8a67935d2c7255a2861434a45,https://dl.google.com/android/repository/sys-img/google_apis/x86_64-23_r22.zip
Google APIs ARM EABI v7a System Image,,23,21,Google APIs ARM EABI v7a System Image,false,421402277,d5a1584757481f6bb09e34be6fc7cda4b0ca96ff,https://dl.google.com/android/repository/sys-img/google_apis/armeabi-v7a-23_r21.zip,421402277,d5a1584757481f6bb09e34be6fc7cda4b0ca96ff,https://dl.google.com/android/repository/sys-img/google_apis/armeabi-v7a-23_r21.zip,421402277,d5a1584757481f6bb09e34be6fc7cda4b0ca96ff,https://dl.google.com/android/repository/sys-img/google_apis/armeabi-v7a-23_r21.zip
Google APIs Intel x86 Atom System Image,,24,15,Google APIs Intel x86 Atom System Image,false,820156745,383d76c26a643bd25409665dd81c46936e71d8ff,https://dl.google.com/android/repository/sys-img/google_apis/x86-24_r15.zip,820156745,383d76c26a643bd25409665dd81c46936e71d8ff,https://dl.google.com/android/repository/sys-img/google_apis/x86-24_r15.zip,820156745,383d76c26a643bd25409665dd81c46936e71d8ff,https://dl.google.com/android/repository/sys-img/google_apis/x86-24_r15.zip
Google APIs Intel x86 Atom_64 System Image,,24,15,Google APIs Intel x86 Atom_64 System Image,false,1012975421,d57ea12297cf0bfe8f330c5384de43c8c560925f,https://dl.google.com/android/repository/sys-img/google_apis/x86_64-24_r15.zip,1012975421,d57ea12297cf0bfe8f330c5384de43c8c560925f,https://dl.google.com/android/repository/sys-img/google_apis/x86_64-24_r15.zip,1012975421,d57ea12297cf0bfe8f330c5384de43c8c560925f,https://dl.google.com/android/repository/sys-img/google_apis/x86_64-24_r15.zip
Google APIs ARM EABI v7a System Image,,24,14,Google APIs ARM EABI v7a System Image,false,735547840,4eeae3d1066143b58f8316af67df40435c46c7f9,https://dl.google.com/android/repository/sys-img/google_apis/armeabi-v7a-24_r14.zip,735547840,4eeae3d1066143b58f8316af67df40435c46c7f9,https://dl.google.com/android/repository/sys-img/google_apis/armeabi-v7a-24_r14.zip,735547840,4eeae3d1066143b58f8316af67df40435c46c7f9,https://dl.google.com/android/repository/sys-img/google_apis/armeabi-v7a-24_r14.zip

Google APIs Intel x86 Atom System Image,,25,7,Google APIs Intel x86 Atom System Image,false,950652764,11cf51496208117ffcf3641475e42f31c20319be,https://dl.google.com/android/repository/sys-img/google_apis/x86-25_r07.zip,950652764,11cf51496208117ffcf3641475e42f31c20319be,https://dl.google.com/android/repository/sys-img/google_apis/x86-25_r07.zip,950652764,11cf51496208117ffcf3641475e42f31c20319be,https://dl.google.com/android/repository/sys-img/google_apis/x86-25_r07.zip
Google APIs Intel x86 Atom_64 System Image,,25,7,Google APIs Intel x86 Atom_64 System Image,false,1195184804,0faa9028b1967c55e7f7cd19544980430b6f2c8a,https://dl.google.com/android/repository/sys-img/google_apis/x86_64-25_r07.zip,1195184804,0faa9028b1967c55e7f7cd19544980430b6f2c8a,https://dl.google.com/android/repository/sys-img/google_apis/x86_64-25_r07.zip,1195184804,0faa9028b1967c55e7f7cd19544980430b6f2c8a,https://dl.google.com/android/repository/sys-img/google_apis/x86_64-25_r07.zip
Google APIs ARM EABI v7a System Image,,25,6,Google APIs ARM EABI v7a System Image,false,893942572,9c205bc0f569071e33035ca8f4856732ff4f3c3f,https://dl.google.com/android/repository/sys-img/google_apis/armeabi-v7a-25_r06.zip,893942572,9c205bc0f569071e33035ca8f4856732ff4f3c3f,https://dl.google.com/android/repository/sys-img/google_apis/armeabi-v7a-25_r06.zip,893942572,9c205bc0f569071e33035ca8f4856732ff4f3c3f,https://dl.google.com/android/repository/sys-img/google_apis/armeabi-v7a-25_r06.zip

Google APIs Intel x86 Atom System Image,,26,4,Google APIs Intel x86 Atom System Image,false,769552811,d3945081a412d3ac3627c3e102276b018ef874bc,https://dl.google.com/android/repository/sys-img/google_apis/x86-26_r04.zip,769552811,d3945081a412d3ac3627c3e102276b018ef874bc,https://dl.google.com/android/repository/sys-img/google_apis/x86-26_r04.zip,769552811,d3945081a412d3ac3627c3e102276b018ef874bc,https://dl.google.com/android/repository/sys-img/google_apis/x86-26_r04.zip
